"","ID","First Name","Last Name","Is Student","Phone","Email","Roles","Actions"
"","101","Zane","Parisian","1","","user100@mail.com","User","View                                                                                                                                                                                                                            Edit"
"","100","Leonora","Strosin","1","","user99@mail.com","User","View                                                                                                                                                                                                                            Edit"
"","98","Zoey","Gleichner","1","","user97@mail.com","User","View                                                                                                                                                                                                                            Edit"
"","97","Deshawn","Zieme","1","","user96@mail.com","User","View                                                                                                                                                                                                                            Edit"
"","96","Laurianne","Cormier","1","","user95@mail.com","User","View                                                                                                                                                                                                                            Edit"
"","95","Luis","Rau","1","","user94@mail.com","User","View                                                                                                                                                                                                                            Edit"
"","94","Vidal","Murray","1","","user93@mail.com","User","View                                                                                                                                                                                                                            Edit"
"","93","Gaylord","Klocko","1","","user92@mail.com","User","View                                                                                                                                                                                                                            Edit"
"","92","Evangeline","Kuvalis","1","","user91@mail.com","User","View                                                                                                                                                                                                                            Edit"
"","91","Julianne","Lindgren","1","","user90@mail.com","User","View                                                                                                                                                                                                                            Edit"
"","90","Reuben","D'Amore","1","","user89@mail.com","User","View                                                                                                                                                                                                                            Edit"
"","89","Mayra","Kuhn","1","","user88@mail.com","User","View                                                                                                                                                                                                                            Edit"
"","88","Avery","O'Kon","1","","user87@mail.com","User","View                                                                                                                                                                                                                            Edit"
"","87","Brian","O'Hara","1","","user86@mail.com","User","View                                                                                                                                                                                                                            Edit"
"","86","Zane","Wyman","1","","user85@mail.com","User","View                                                                                                                                                                                                                            Edit"
"","85","Dale","Littel","1","","user84@mail.com","User","View                                                                                                                                                                                                                            Edit"
"","84","Wade","Von","1","","user83@mail.com","User","View                                                                                                                                                                                                                            Edit"
"","83","Ona","Cummings","1","","user82@mail.com","User","View                                                                                                                                                                                                                            Edit"
"","82","Wilson","Schinner","1","","user81@mail.com","User","View                                                                                                                                                                                                                            Edit"
"","81","Maurice","Osinski","1","","user80@mail.com","User","View                                                                                                                                                                                                                            Edit"
"","80","Isabelle","Bode","1","","user79@mail.com","User","View                                                                                                                                                                                                                            Edit"
"","79","Charlene","Gislason","1","","user78@mail.com","User","View                                                                                                                                                                                                                            Edit"
"","78","Rylee","Raynor","1","","user77@mail.com","User","View                                                                                                                                                                                                                            Edit"
"","77","Reyes","Moore","1","","user76@mail.com","User","View                                                                                                                                                                                                                            Edit"
"","76","Lauren","Medhurst","1","","user75@mail.com","User","View                                                                                                                                                                                                                            Edit"
"","75","Nova","Wuckert","1","","user74@mail.com","User","View                                                                                                                                                                                                                            Edit"
"","74","Marc","McKenzie","1","","user73@mail.com","User","View                                                                                                                                                                                                                            Edit"
"","73","Jordi","Thompson","1","","user72@mail.com","User","View                                                                                                                                                                                                                            Edit"
"","72","Katlynn","Gutkowski","1","","user71@mail.com","User","View                                                                                                                                                                                                                            Edit"
"","71","Tyson","Gutmann","1","","user70@mail.com","User","View                                                                                                                                                                                                                            Edit"
"","70","William","Walker","1","","user69@mail.com","User","View                                                                                                                                                                                                                            Edit"
"","69","Alfredo","Pollich","1","","user68@mail.com","User","View                                                                                                                                                                                                                            Edit"
"","68","Jordyn","Ruecker","1","","user67@mail.com","User","View                                                                                                                                                                                                                            Edit"
"","67","Trevor","Gorczany","1","","user66@mail.com","User","View                                                                                                                                                                                                                            Edit"
"","66","Shanna","Bauch","1","","user65@mail.com","User","View                                                                                                                                                                                                                            Edit"
"","65","Callie","Tillman","1","","user64@mail.com","User","View                                                                                                                                                                                                                            Edit"
"","64","Tyson","Bernier","1","","user63@mail.com","User","View                                                                                                                                                                                                                            Edit"
"","63","Corine","Cartwright","1","","user62@mail.com","User","View                                                                                                                                                                                                                            Edit"
"","62","Karl","Streich","1","","user61@mail.com","User","View                                                                                                                                                                                                                            Edit"
"","61","Travis","Baumbach","1","","user60@mail.com","User","View                                                                                                                                                                                                                            Edit"
"","60","Ed","Wehner","1","","user59@mail.com","User","View                                                                                                                                                                                                                            Edit"
"","59","Jayce","Rempel","1","","user58@mail.com","User","View                                                                                                                                                                                                                            Edit"
"","58","Myrtie","Predovic","1","","user57@mail.com","User","View                                                                                                                                                                                                                            Edit"
"","57","Vinnie","Schuppe","1","","user56@mail.com","User","View                                                                                                                                                                                                                            Edit"
"","56","Stone","Johnston","1","","user55@mail.com","User","View                                                                                                                                                                                                                            Edit"
"","55","Maureen","Breitenberg","1","","user54@mail.com","User","View                                                                                                                                                                                                                            Edit"
"","54","Alanna","Wiegand","1","","user53@mail.com","User","View                                                                                                                                                                                                                            Edit"
"","53","Briana","Klein","1","","user52@mail.com","User","View                                                                                                                                                                                                                            Edit"
"","52","Murphy","Bailey","1","","user51@mail.com","User","View                                                                                                                                                                                                                            Edit"
"","51","Emanuel","Koch","1","","user50@mail.com","User","View                                                                                                                                                                                                                            Edit"
"","50","Carlos","Runolfsdottir","1","","user49@mail.com","User","View                                                                                                                                                                                                                            Edit"
"","49","Noah","O'Hara","1","","user48@mail.com","User","View                                                                                                                                                                                                                            Edit"
"","48","Zoila","Thompson","1","","user47@mail.com","User","View                                                                                                                                                                                                                            Edit"
"","47","Vallie","Dach","1","","user46@mail.com","User","View                                                                                                                                                                                                                            Edit"
"","46","Cletus","Boehm","1","","user45@mail.com","User","View                                                                                                                                                                                                                            Edit"
"","45","Cassie","Ziemann","1","","user44@mail.com","User","View                                                                                                                                                                                                                            Edit"
"","44","Greyson","Dickinson","1","","user43@mail.com","User","View                                                                                                                                                                                                                            Edit"
"","43","Evan","Romaguera","1","","user42@mail.com","User","View                                                                                                                                                                                                                            Edit"
"","42","Jarrod","Pfannerstill","1","","user41@mail.com","User","View                                                                                                                                                                                                                            Edit"
"","41","Yazmin","Powlowski","1","","user40@mail.com","User","View                                                                                                                                                                                                                            Edit"
"","40","Edna","Torphy","1","","user39@mail.com","User","View                                                                                                                                                                                                                            Edit"
"","39","Sydnie","Schiller","1","","user38@mail.com","User","View                                                                                                                                                                                                                            Edit"
"","38","Luella","Reynolds","1","","user37@mail.com","User","View                                                                                                                                                                                                                            Edit"
"","37","Shayne","Reynolds","1","","user36@mail.com","User","View                                                                                                                                                                                                                            Edit"
"","36","Gayle","Ernser","1","","user35@mail.com","User","View                                                                                                                                                                                                                            Edit"
"","35","Lincoln","Gusikowski","1","","user34@mail.com","User","View                                                                                                                                                                                                                            Edit"
"","34","Gage","Walker","1","","user33@mail.com","User","View                                                                                                                                                                                                                            Edit"
"","33","Sylvia","O'Hara","1","","user32@mail.com","User","View                                                                                                                                                                                                                            Edit"
"","32","Cora","Berge","1","","user31@mail.com","User","View                                                                                                                                                                                                                            Edit"
"","31","Abigayle","Daniel","1","","user30@mail.com","User","View                                                                                                                                                                                                                            Edit"
"","30","Domenic","Jast","1","","user29@mail.com","User","View                                                                                                                                                                                                                            Edit"
"","29","Marcelle","Schaden","1","","user28@mail.com","User","View                                                                                                                                                                                                                            Edit"
"","28","Tremaine","Schroeder","1","","user27@mail.com","User","View                                                                                                                                                                                                                            Edit"
"","27","Rita","Stamm","1","","user26@mail.com","User","View                                                                                                                                                                                                                            Edit"
"","26","Brenden","Hill","1","","user25@mail.com","User","View                                                                                                                                                                                                                            Edit"
"","25","Sydni","Hudson","1","","user24@mail.com","User","View                                                                                                                                                                                                                            Edit"
"","24","Jackson","Hettinger","1","","user23@mail.com","User","View                                                                                                                                                                                                                            Edit"
"","23","Kaden","Daugherty","1","","user22@mail.com","User","View                                                                                                                                                                                                                            Edit"
"","22","Francis","Schuppe","1","","user21@mail.com","User","View                                                                                                                                                                                                                            Edit"
"","21","Gudrun","Green","1","","user20@mail.com","User","View                                                                                                                                                                                                                            Edit"
"","20","Vivien","Halvorson","1","","user19@mail.com","User","View                                                                                                                                                                                                                            Edit"
"","19","Tyree","Lemke","1","","user18@mail.com","User","View                                                                                                                                                                                                                            Edit"
"","18","Maggie","Hodkiewicz","1","","user17@mail.com","User","View                                                                                                                                                                                                                            Edit"
"","17","Marguerite","King","1","","user16@mail.com","User","View                                                                                                                                                                                                                            Edit"
"","16","Quincy","Aufderhar","1","","user15@mail.com","User","View                                                                                                                                                                                                                            Edit"
"","15","Hassan","Dickens","1","","user14@mail.com","User","View                                                                                                                                                                                                                            Edit"
"","14","Allie","Romaguera","1","","user13@mail.com","User","View                                                                                                                                                                                                                            Edit"
"","13","Concepcion","Quitzon","1","","user12@mail.com","User","View                                                                                                                                                                                                                            Edit"
"","12","Kay","Beer","1","","user11@mail.com","User","View                                                                                                                                                                                                                            Edit"
"","11","Yvonne","Ortiz","1","","user10@mail.com","User","View                                                                                                                                                                                                                            Edit"
"","10","Jewell","Lowe","1","","user9@mail.com","User","View                                                                                                                                                                                                                            Edit"
"","9","Patsy","Cummerata","1","","user8@mail.com","User","View                                                                                                                                                                                                                            Edit"
"","8","Mara","Price","1","","user7@mail.com","User","View                                                                                                                                                                                                                            Edit"
"","7","Jace","Hegmann","1","","user6@mail.com","User","View                                                                                                                                                                                                                            Edit"
"","6","Thurman","Stroman","1","","user5@mail.com","User","View                                                                                                                                                                                                                            Edit"
"","5","Jeramie","Monahan","1","","user4@mail.com","User","View                                                                                                                                                                                                                            Edit"
"","4","Jon","Goodwin","1","","user3@mail.com","User","View                                                                                                                                                                                                                            Edit"
"","3","Jamie","Botsford","1","","user2@mail.com","User","View                                                                                                                                                                                                                            Edit"
"","1","Admin","","","","admin@admin.com","Admin","View                                                                                                                                                                                                                            Edit"